min_x,min_y,min_z,max_x,max_y,max_z
-100.76338958740234,-115.52432250976562,-99.00054931640625,98.510498046875,85.17140197753906,100.56957244873047
